anger,happy,fear,sad,excite,brightness,loudness,mean
0,0,0,0,0,0,0,1
0,0,0,0,0.122696757,0.001895443,0.000346317,1
0,0,0,0,1.016293942,0.015494835,0.002867567,1
0.000766855,0,0.001533709,0,3.084244097,0.046316614,0.008856046,1
0.014715347,0,0.01102618,0,5.932110791,0.09013649,0.018100978,1
0.090582965,0,0.025079279,0,8.708659429,0.138839809,0.029052178,1
0.268295206,0,0.035592803,0,10.72987535,0.186056946,0.03949463,1
0.543258652,0,0.038938645,0,11.50745244,0.230780398,0.047514738,1
0.854849307,0,0.035956006,0,10.89782721,0.271729135,0.052379743,1
1.121676901,0.002683992,0.02920408,0,9.196294501,0.305899047,0.054144666,1
1.285310843,0.040384319,0.02108026,0,6.916474417,0.331225402,0.052759782,1
1.381999046,0.211602656,0.013190473,0,4.581838602,0.347734697,0.049873157,1
1.408178739,0.52520294,0.006397143,0,2.825521153,0.357260225,0.047680044,1
1.370823183,0.837415369,0.001054539,0,2.330721276,0.360182043,0.046354056,1
1.328059669,1.009672734,-0.002786753,0,3.271613879,0.35648484,0.044987251,1
1.340641038,1.0077472,-0.005248927,0,5.274909349,0.347400057,0.04360047,1
1.466523335,0.874392582,-0.006548415,0,7.767190234,0.334855741,0.042578763,1
1.769360846,0.673513749,-0.006944034,0,10.22975278,0.322266427,0.041930088,1
2.24264276,0.457712856,-0.006698576,0,12.25812731,0.312231827,0.04114634,1
2.804740978,0.259926521,-0.00605056,0,13.66237688,0.305149657,0.039853834,1
3.358082525,0.096578804,-0.005196491,0,14.37897808,0.300395451,0.037788511,1
3.83108974,-0.02683511,-0.004283458,0,14.4709556,0.296758019,0.035473288,1
4.188063534,-0.109394438,-0.003410307,0,13.96169568,0.292557159,0.033989763,1
4.406599386,-0.140035355,-0.002634503,0,12.80551348,0.287253653,0.033291448,1
4.428180608,-0.081250778,-0.001981689,0,11.08886367,0.281846533,0.033059349,1
4.262995334,0.119404771,-0.001455526,0,9.026373661,0.277254991,0.033450621,1
3.992074901,0.474695053,-0.001046287,0,6.76059614,0.273822405,0.034030077,1
3.567389757,0.944507346,-0.000737509,0,4.414798702,0.271741899,0.03442481,1
2.926246924,1.487375042,-0.000510607,0,2.171179079,0.270215833,0.034420438,1
2.127133895,2.026920672,-0.000347721,0,0.220379327,0.267645638,0.033569801,1
1.326748634,2.370922044,-0.000233208,0,-1.309031153,0.259328809,0.030831203,1
0.634177746,2.430618439,-0.000154208,0,-2.374393458,0.244986337,0.02568367,1
0.080900098,2.280700504,-0.000100635,0,-3.003625749,0.236630783,0.018752748,1
-0.303993122,2.006619328,-6.49E-05,0,-3.266647716,0.242024484,0.011242436,1
-0.474133007,1.640277548,-4.13E-05,0,-3.249978318,0.25085333,0.004397255,1
-0.462526483,1.214729225,-2.61E-05,0,-3.039611631,0.249769189,-0.000421048,1
-0.38204329,0.803863272,-1.63E-05,0,-2.71142985,0.233346151,-0.002622933,1
-0.317617687,0.510893363,-1.01E-05,0,-2.32687393,0.214276433,-0.001295672,1
-0.259153182,0.391182008,-6.16E-06,0,-1.931903678,0.205498511,0.003003049,1
-0.076681802,0.445770771,-3.74E-06,0,-1.550263122,0.204625371,0.008973546,1
0.3241693,0.649839744,-2.25E-06,0.004217701,-1.161083395,0.204394374,0.015604398,1
0.910904867,0.937703427,-1.35E-06,0.037990541,-0.75059192,0.201525927,0.02206154,1
1.587820637,1.232018296,-8.00E-07,0.125249197,-0.34482695,0.196490306,0.02717515,1
2.285203422,1.40558558,-4.72E-07,0.231546238,-0.011677911,0.19009038,0.030656408,1
2.946084894,1.377147151,-2.76E-07,0.303854749,0.199785924,0.179708521,0.03270751,1
3.472833136,1.167928124,-1.61E-07,0.320266845,0.348981973,0.163824988,0.033814546,1
3.678575931,0.855078712,-9.30E-08,0.289295233,0.73186526,0.144390953,0.034238647,1
3.462145091,0.524405315,-5.35E-08,0.238243238,1.541717254,0.125253087,0.034183371,1
2.911540711,0.280350915,-3.06E-08,0.235123882,2.563029348,0.111060557,0.033680422,1
2.183679027,0.234984046,-1.74E-08,0.375479893,3.314956388,0.110407934,0.03318079,1
1.418481763,0.416261118,-9.88E-09,0.671297436,3.513423057,0.126866542,0.032519151,1
0.717077095,0.767928178,-5.57E-09,0.989871288,3.196744935,0.155771509,0.030963058,1
0.138278041,1.239154461,-3.12E-09,1.175173836,2.562309018,0.189921996,0.028477653,1
-0.294821994,1.794344725,-1.75E-09,1.17093089,1.812500043,0.223423023,0.025169092,1
-0.583194447,2.37688802,-9.71E-10,1.014612024,1.089862051,0.252503146,0.021214402,1
-0.731313355,2.873470254,-5.38E-10,0.776980452,0.472874304,0.27406882,0.016803919,1
-0.717453121,3.079076231,-2.97E-10,0.520246967,-0.006656385,0.280737993,0.011999529,1
-0.506964243,2.905720799,-1.63E-10,0.28460822,-0.34563132,0.268939771,0.007246387,1
-0.096344825,2.509738576,-8.95E-11,0.090370953,-0.54943839,0.243150651,0.003847582,1
0.440236018,2.200963306,-4.88E-11,-0.055689516,-0.589704408,0.213901852,0.002146848,1
0.954157795,2.149097607,-2.66E-11,-0.15484183,-0.414284542,0.190589442,0.001713484,1
1.301569083,2.253706963,-1.44E-11,-0.212777837,-0.02455835,0.178360998,0.002717956,1
1.428489495,2.368895582,-7.79E-12,-0.237356575,0.491637686,0.176290907,0.004771263,1
1.36969575,2.432908599,-4.20E-12,-0.237107635,0.977390808,0.180759636,0.007213377,1
1.196768003,2.485178603,-2.26E-12,-0.220174905,1.306010165,0.188800594,0.010691184,1
0.977000497,2.630101022,-1.21E-12,-0.193605307,1.413288314,0.198468242,0.014311898,1
0.754574702,2.879984059,-6.46E-13,-0.162962966,1.309570138,0.208530885,0.017143088,1
0.540028655,3.052504317,-3.44E-13,-0.132234796,1.061467816,0.219113464,0.018532111,1
0.334636038,2.947024047,-1.83E-13,-0.103957877,0.749063559,0.235180261,0.019022835,1
0.160248163,2.594340265,-9.70E-14,-0.079480066,0.436581249,0.258990487,0.019066148,1
0.055326807,2.287612308,-5.13E-14,-0.05927029,0.163887595,0.285169688,0.019195439,1
0.026090539,2.259020329,-2.71E-14,-0.0432161,-0.050229958,0.307557676,0.020345193,1
0.050036178,2.545227768,-1.42E-14,-0.030871951,-0.201564324,0.323317534,0.022235743,1
0.101656904,2.975281309,-7.48E-15,-0.021644303,-0.294750668,0.332328505,0.02298007,1
0.162750507,3.315026198,-3.92E-15,-0.014915383,-0.339152466,0.335834189,0.021433965,1
0.22266611,3.432514182,-2.05E-15,-0.010115931,-0.346070573,0.335183375,0.01802028,1
0.275876359,3.331307421,-1.07E-15,-0.006760223,-0.326856021,0.331467189,0.013798525,1
0.31953059,3.084542884,-5.57E-16,-0.004456026,-0.291677417,0.325766709,0.009822005,1
0.347562032,2.742919331,-2.90E-16,-0.002899793,-0.248821639,0.319523192,0.00667517,1
0.341457207,2.277091186,-1.50E-16,-0.001864574,-0.204439018,0.315291167,0.004398727,1
0.293082284,1.69445245,-7.78E-17,-0.001185529,-0.162628113,0.313638565,0.002975079,1
0.213784014,1.100908794,-4.02E-17,-0.000745866,-0.125738802,0.312864171,0.002586086,1
0.122918589,0.605835295,-2.08E-17,-0.000464617,-0.094776903,0.311468043,0.00395708,1
0.037161951,0.258783392,-1.07E-17,-0.000286723,-0.069817498,0.308981559,0.006916433,1
-0.033436787,0.051363468,-5.50E-18,-0.000175383,-0.050367062,0.305729516,0.010641383,1
-0.084930486,-0.078151019,-2.82E-18,-0.000106385,-0.035645897,0.303498532,0.014109804,1
-0.117487856,-0.187777949,-1.45E-18,-6.40E-05,-0.024786259,0.30788185,0.018471204,1
-0.133543175,-0.295736801,-7.40E-19,-3.82E-05,-0.016956159,0.321929665,0.023774796,1
-0.136516759,-0.393269689,-3.78E-19,-2.27E-05,-0.011425338,0.343496033,0.028443506,1
-0.130031975,-0.466766266,-1.93E-19,-1.34E-05,-0.007590849,0.368046486,0.032562486,1
-0.11745698,-0.508893668,-9.84E-20,-7.82E-06,-0.004977362,0.391018616,0.035689685,1
-0.101648523,-0.519831289,-5.01E-20,-4.55E-06,-0.003223764,0.407831318,0.037460669,1
-0.084833297,-0.50452369,-2.54E-20,-2.63E-06,-0.002064027,0.41562536,0.038779008,1
-0.068591648,-0.469765484,-1.29E-20,-1.51E-06,-0.001307248,0.414749448,0.03985309,1
-0.053915577,-0.422359188,-6.54E-21,-8.64E-07,-0.000819535,0.407766823,0.040050414,1
-0.041312569,-0.366341673,-3.31E-21,-4.92E-07,-0.000508858,0.397627714,0.039016155,1
-0.030928139,-0.283162229,-1.67E-21,-2.78E-07,-0.000313095,0.385652365,0.036598711,1
-0.022665234,-0.105343109,-8.44E-22,-1.57E-07,-0.000190994,0.368356359,0.033331734,1
-0.000949205,0.175491956,-4.26E-22,-8.80E-08,-0.000115564,0.343794735,0.02981342,1
0.137879932,0.483351578,-2.14E-22,-4.91E-08,-6.94E-05,0.314319733,0.02627854,1
0.589937594,0.706494823,-1.08E-22,-2.73E-08,-4.14E-05,0.284221507,0.023020534,1
1.549251823,0.78476593,-5.42E-23,-1.51E-08,-2.45E-05,0.257480942,0.021035966,1
3.053101394,0.731279832,0.003834274,-8.35E-09,-1.44E-05,0.236548453,0.020806041,1
4.846540462,0.594985743,0.027565449,-4.59E-09,-8.41E-06,0.22217261,0.021384052,1
6.605059035,0.427057975,0.062698197,-2.51E-09,-4.88E-06,0.213581525,0.023113131,1
8.080477505,0.276979819,0.088982008,-1.37E-09,-2.82E-06,0.209411479,0.026272729,1
9.040116193,0.208134617,0.097346613,-7.46E-10,-1.62E-06,0.208607323,0.029305708,1
9.227365499,0.265230234,0.089890014,-4.04E-10,-9.24E-07,0.211902304,0.030358422,1
8.509897993,0.373470144,0.0730102,-2.19E-10,-5.25E-07,0.226263245,0.030691534,1
7.044218725,0.436053698,0.05270065,-1.18E-10,-2.97E-07,0.255377142,0.031792186,1
5.18121529,0.424312244,0.032976183,-6.33E-11,-1.67E-07,0.294224626,0.034077313,1
3.277475262,0.379000829,0.015992858,-3.39E-11,-9.37E-08,0.32977464,0.037008568,1
1.602836315,0.36189644,0.002636347,-1.81E-11,-5.23E-08,0.352170507,0.039381201,1
0.319774536,0.402818008,-0.006966884,-9.65E-12,-2.90E-08,0.359981061,0.040665968,1
-0.528202313,0.492644634,-0.013122317,-5.13E-12,-1.61E-08,0.356741633,0.041207978,1
-0.987357365,0.605356713,-0.016371037,-2.72E-12,-8.86E-09,0.347123789,0.041076918,1
-1.148746455,0.711491304,-0.017360085,-1.44E-12,-4.87E-09,0.335171389,0.040021888,1
-1.130787835,0.765824041,-0.01674644,-7.58E-13,-2.66E-09,0.324631549,0.037680414,1
-1.043100277,0.733976927,-0.015126401,-3.99E-13,-1.45E-09,0.323078251,0.034369583,1
-0.94765973,0.620757654,-0.012991228,-2.09E-13,-7.89E-10,0.334603295,0.031391089,1
-0.862658882,0.459710223,-0.010708645,-1.10E-13,-4.28E-10,0.356403893,0.029506806,1
-0.786476361,0.316812467,-0.008525766,-5.74E-14,-2.31E-10,0.38165433,0.027881634,1
-0.714091968,0.353338214,-0.006586257,-3.00E-14,-1.24E-10,0.400105152,0.025902868,1
-0.642719368,0.648260706,-0.004954223,-1.56E-14,-6.68E-11,0.405455299,0.022989432,1
-0.571895126,1.076792253,-0.003638815,-8.11E-15,-3.58E-11,0.398221534,0.01868525,1
-0.502279242,1.463809839,-0.002615718,-4.21E-15,-1.91E-11,0.382991232,0.013259769,1
-0.43483994,1.71817658,-0.001843772,-2.18E-15,-1.02E-11,0.364684855,0.007808109,1
-0.370569235,1.831472947,-0.001276518,-1.13E-15,-5.40E-12,0.34690921,0.004505797,1
-0.306983433,1.818717655,-0.000869303,-5.81E-16,-2.86E-12,0.331709305,0.003990907,1
-0.222095049,1.688617849,-0.000583021,-2.99E-16,-1.51E-12,0.320230804,0.006340982,1
-0.077462367,1.480584271,-0.00038552,-1.54E-16,-7.98E-13,0.313148126,0.01038956,1
0.149192383,1.253258251,-0.000251587,-7.90E-17,-4.20E-13,0.310606069,0.014066123,1
0.433818704,1.069199675,-0.000162177,-4.05E-17,-2.20E-13,0.311948857,0.015824309,1
0.697973916,1.058875549,-0.000103347,-2.07E-17,-1.15E-13,0.314653443,0.01580976,1
0.850923944,1.341914752,-6.52E-05,-1.06E-17,-6.03E-14,0.310121505,0.016245129,1
0.859470275,1.903203639,-4.07E-05,-5.40E-18,-3.15E-14,0.292987062,0.018168055,1
0.75214514,2.618711592,-2.51E-05,-2.75E-18,-1.64E-14,0.26569237,0.021462982,1
0.581033899,3.34726364,-1.54E-05,-1.40E-18,-8.51E-15,0.234388557,0.025238518,1
0.392678621,3.986543249,-9.35E-06,-7.11E-19,-4.42E-15,0.204750684,0.029061739,1
0.217901587,4.484443665,-5.63E-06,-3.61E-19,-2.29E-15,0.180290151,0.032512009,1
0.072810814,4.828222051,-3.37E-06,-1.83E-19,-1.18E-15,0.162349465,0.035264829,1
-0.036816234,5.029367336,-2.00E-06,-9.25E-20,-6.09E-16,0.150857898,0.036812028,1
-0.11152006,5.111607282,-1.18E-06,-4.68E-20,-3.14E-16,0.14502574,0.037162539,1
-0.155385734,5.103104744,-6.91E-07,-2.36E-20,-1.61E-16,0.14369061,0.036951331,1
-0.174251327,5.031750532,-4.02E-07,-1.19E-20,-8.28E-17,0.145611606,0.036649139,1
-0.174506607,4.922408391,-2.33E-07,-5.99E-21,-4.24E-17,0.149629966,0.035870529,1
-0.162258243,4.795431512,-1.34E-07,-3.02E-21,-2.17E-17,0.154762275,0.034054347,1
-0.1427822,4.666105658,-7.66E-08,-1.51E-21,-1.11E-17,0.160216404,0.031410999,1
-0.118318247,4.539426956,-4.36E-08,-7.60E-22,-5.66E-18,0.165408072,0.02861236,1
-0.078056469,4.383645846,-2.47E-08,-3.81E-22,-2.88E-18,0.171005488,0.02575699,1
-0.000205543,4.133752735,-1.39E-08,-1.91E-22,-1.47E-18,0.182019382,0.0231096,1
0.111259717,3.77275122,-7.81E-09,-9.54E-23,-7.45E-19,0.201413162,0.021393971,1
0.230945827,3.333267986,-4.36E-09,-4.77E-23,-3.78E-19,0.226972263,0.020355972,1
0.327268898,2.79950621,-2.43E-09,-2.38E-23,-1.91E-19,0.254317073,0.018639363,1
0.372484572,2.135455582,-1.35E-09,-1.19E-23,-9.69E-20,0.28307438,0.015485976,1
0.360501327,1.374601957,-7.42E-10,-5.92E-24,-4.89E-20,0.312080451,0.011224768,1
0.309660371,0.626869313,-4.08E-10,-2.94E-24,-2.47E-20,0.338602917,0.006661225,1
0.272531791,0.093997478,-2.24E-10,-1.46E-24,-1.25E-20,0.35937179,0.002664042,1
0.34844273,-0.022011968,-1.22E-10,-7.27E-25,-6.27E-21,0.366205555,0.000357021,1
0.626768434,0.270468147,-6.64E-11,-3.61E-25,-3.15E-21,0.354789889,-0.000110849,1
1.099704493,0.799517209,-3.60E-11,-1.79E-25,-1.58E-21,0.328895015,0.000898401,1
1.701638496,1.374449941,-1.95E-11,-8.87E-26,-7.95E-22,0.295977772,0.004050157,1
2.324096946,1.877469083,-1.05E-11,-4.39E-26,-3.98E-22,0.262815061,0.008862711,1
2.806930131,2.284595607,-5.64E-12,-2.17E-26,-1.99E-22,0.233733425,0.014884009,1
3.015036265,2.62303179,-3.02E-12,-1.07E-26,-9.98E-23,0.210715377,0.021273459,1
2.926671923,2.932955595,-1.61E-12,-5.30E-27,-4.98E-23,0.194189019,0.026604449,1
2.619121474,3.24313212,-8.60E-13,-2.62E-27,-2.49E-23,0.183633503,0.030830913,1
2.200927215,3.562412807,-4.57E-13,-1.29E-27,-1.24E-23,0.178093951,0.033619317,1
1.763773298,3.872600198,-2.42E-13,-6.35E-28,-6.18E-24,0.176423424,0.034899931,1
1.367025235,4.132231675,-1.28E-13,-3.13E-28,-3.08E-24,0.17752911,0.03435096,1
1.038670928,4.299857474,-6.76E-14,-1.54E-28,-1.53E-24,0.180526096,0.032482436,1
0.771249583,4.349112772,-3.56E-14,-7.56E-29,-7.60E-25,0.184585798,0.029364607,1
0.527244126,4.305065012,-1.87E-14,-3.71E-29,-3.77E-25,0.188936991,0.025223969,1
0.286043194,4.203961262,-9.80E-15,-1.82E-29,-1.87E-25,0.19297949,0.021054858,1
0.057414246,4.029523957,-5.12E-15,-8.94E-30,-9.26E-26,0.196307762,0.01744599,1
-0.138289936,3.741888594,-2.67E-15,-4.38E-30,-4.59E-26,0.198654977,0.015550472,1
-0.286588692,3.349213583,-1.39E-15,-2.15E-30,-2.27E-26,0.200086812,0.014804713,1
-0.383550397,2.908337189,-7.24E-16,-1.05E-30,-1.12E-26,0.200943223,0.013792727,1
-0.433515497,2.484457563,-3.76E-16,-5.14E-31,-5.53E-27,0.201655741,0.012187547,1
-0.445158716,2.122531317,-1.95E-16,-2.51E-31,-2.73E-27,0.202492966,0.011598169,1
-0.42840138,1.834144173,-1.01E-16,-1.23E-31,-1.35E-27,0.203491107,0.012678349,1
-0.392633032,1.60528561,-5.19E-17,-5.99E-32,-6.63E-28,0.204598561,0.014772439,1
-0.345895524,1.423478445,-2.67E-17,-2.92E-32,-3.26E-28,0.205731756,0.01700131,1
-0.294604171,1.284243694,-1.37E-17,-1.43E-32,-1.61E-28,0.206789856,0.02000548,1
-0.243534463,1.17505051,-7.06E-18,-6.95E-33,-7.89E-29,0.207686134,0.023913477,1
-0.195945882,1.075988306,-3.62E-18,-3.38E-33,-3.88E-29,0.208361899,0.027454932,1
-0.153787471,0.964923719,-1.85E-18,-1.65E-33,-1.90E-29,0.209171624,0.028929087,1
-0.11795185,0.8343075,-9.46E-19,-8.01E-34,-9.33E-30,0.212243864,0.028948872,1
-0.088546482,0.696373692,-4.83E-19,-3.90E-34,-4.57E-30,0.218800687,0.028293302,1
-0.065152466,0.570931485,-2.46E-19,-1.89E-34,-2.24E-30,0.228012083,0.027411076,1
-0.047047684,0.473388015,-1.25E-19,-9.20E-35,-1.10E-30,0.238132591,0.026255772,1
-0.033381302,0.410557808,-6.36E-20,-4.46E-35,-5.36E-31,0.247596505,0.025815612,1
-0.02329683,0.381882813,-3.23E-20,-2.17E-35,-2.62E-31,0.25549759,0.026854022,1
-0.016008661,0.382336547,-1.63E-20,-1.05E-35,-1.28E-31,0.261391099,0.028121585,1
-0.010841317,0.404978552,-8.27E-21,-5.09E-36,-6.25E-32,0.265160105,0.028090075,1
-0.007241903,0.442626937,-4.18E-21,0.000766855,-3.05E-32,0.267045459,0.02670448,1
-0.004775451,0.488787045,-2.11E-21,0.013181637,-1.49E-32,0.267443292,0.024125548,1
-0.003110924,0.538099928,0.003450846,0.077256221,-7.25E-33,0.266748075,0.020686385,1
-0.00200344,0.586502871,0.029026605,0.227443513,-3.53E-33,0.26540105,0.01732831,1
-0.001276298,0.631210069,0.094418919,0.479777721,-1.72E-33,0.263753397,0.015938486,1
-0.000804773,0.670575736,0.211851269,0.811517928,-8.36E-34,0.262003146,0.015668429,1
-0.00050255,0.703886224,0.373688,1.170068312,-4.06E-34,0.260296071,0.015075433,1
-0.00031095,0.73112254,0.554142143,1.502991729,-1.97E-34,0.258789513,0.014990756,1
-0.000190727,0.752728475,0.725441277,1.775788257,-9.59E-35,0.257640509,0.015654872,1
-0.000116022,0.76940953,0.868374915,1.974209582,-4.65E-35,0.257064403,0.015903228,1
-7.00E-05,0.781976022,0.97430279,2.093311652,-2.26E-35,0.257148392,0.014703725,1
-4.19E-05,0.791233242,1.042722183,2.110859093,-1.09E-35,0.257815056,0.012006718,1
-2.49E-05,0.79791401,1.078738887,2.012404825,-5.30E-36,0.25888095,0.00844264,1
-1.47E-05,0.79804387,1.099037461,1.808744632,-2.57E-36,0.259503968,0.004989251,1
-8.65E-06,0.765190026,1.145617923,1.506124893,-1.24E-36,0.256210265,0.003577505,1
-5.05E-06,0.670153779,1.245615938,1.129496971,-6.02E-37,0.246756167,0.005742809,1
-2.93E-06,0.514736841,1.378551776,0.730911395,-2.91E-37,0.232948762,0.010069196,1
-1.69E-06,0.32774604,1.45501863,0.379365569,-1.41E-37,0.219263982,0.013627155,1
-9.67E-07,0.14266403,1.391693399,0.1554181,-6.80E-38,0.20886218,0.015014764,1
0.014569688,-0.01643027,1.182851212,0.083501443,-3.28E-38,0.202198855,0.014882866,1
0.110499803,-0.137803722,0.883170814,0.09712151,-1.58E-38,0.197027616,0.014539385,1
0.279601146,-0.219361055,0.559656407,0.172146246,-7.64E-39,0.192107936,0.01449617,1
0.432178825,-0.264823893,0.262800345,0.379414838,-3.69E-39,0.191564654,0.015643801,1
0.503390087,-0.280713739,0.025951804,0.738952112,-1.78E-39,0.198277406,0.017483131,1
0.487601944,-0.274420657,-0.105960321,1.142114255,-8.56E-40,0.208604657,0.018218748,1
0.414574328,-0.253074795,-0.088120276,1.518168154,-4.12E-40,0.217659323,0.017313544,1
0.326317028,-0.222916215,0.069711235,1.842016684,-1.98E-40,0.22269978,0.016803003,1
0.241979383,-0.188977983,0.286384233,2.022112924,-9.55E-41,0.220825002,0.018198555,1
0.163626337,-0.154988641,0.470502797,1.970583504,-4.59E-41,0.211056027,0.021009421,1
0.093182227,-0.123436525,0.568921109,1.696714812,-2.21E-41,0.196021009,0.0235127,1
0.040761734,-0.095743998,0.567248936,1.30727609,-1.06E-41,0.180209069,0.024531652,1
0.02743035,-0.072499513,0.483755127,1.010150897,-5.10E-42,0.169538242,0.023503136,1
0.061621294,-0.053701021,0.353538749,0.931385839,-2.45E-42,0.167083542,0.020827425,1
0.1390952,-0.038976521,0.21047279,1.11510268,-1.18E-42,0.171937733,0.017457293,1
0.28986938,-0.027762231,0.078428495,1.553471335,-5.64E-43,0.181288193,0.014628457,1
0.575424479,-0.01943215,-0.029523603,2.217445932,-2.70E-43,0.191916502,0.013008816,1
0.966853129,-0.013382166,-0.108559712,2.974756101,-1.30E-43,0.201429255,0.012248802,1
1.314940324,-0.001791905,-0.159176044,3.520014513,-6.21E-44,0.208633406,0.011485392,1
1.486063026,0.070076686,-0.184920119,3.624666193,-2.98E-44,0.210572257,0.010515379,1
1.443389824,0.3128665,-0.190824594,3.274547246,-1.43E-44,0.207871058,0.010430413,1
1.233232992,0.753893491,-0.173521359,2.610217078,-6.83E-45,0.203977836,0.01164182,1
0.934229963,1.215200913,-0.089708296,1.814796991,-3.27E-45,0.201029858,0.013461275,1
0.616729066,1.490190049,0.086029994,1.037021956,-1.56E-45,0.198680938,0.015611896,1
0.327457974,1.52291443,0.283053002,0.36787631,-7.47E-46,0.199438732,0.017258029,1
0.090529889,1.463833215,0.414824097,-0.151948172,-3.57E-46,0.20569644,0.017667024,1
-0.086099283,1.595594338,0.451430029,-0.515996285,-1.71E-46,0.216860128,0.017536422,1
-0.204423858,1.959764624,0.410451018,-0.737948414,-8.16E-47,0.229743721,0.017135492,1
-0.271954707,2.31837447,0.325328811,-0.841786391,-3.89E-47,0.237931553,0.016220383,1
-0.298804942,2.440785873,0.22538108,-0.855371247,-1.86E-47,0.237339246,0.015008205,1
-0.295746367,2.259997661,0.139371613,-0.80393459,-8.87E-48,0.228260512,0.01377505,1
-0.272892038,1.848138207,0.132957184,-0.698115114,-4.23E-48,0.214915263,0.012545524,1
-0.238863062,1.32777441,0.268535357,-0.537594459,-2.02E-48,0.207353604,0.011994696,1
-0.200376433,0.805277961,0.541438272,-0.318871267,-9.63E-49,0.212097964,0.012755503,1
-0.162184234,0.347679687,0.89181709,-0.056744872,-4.59E-49,0.227937864,0.014683502,1
-0.127266933,-0.013965983,1.250314101,0.216680272,-2.19E-49,0.249720651,0.017332646,1
-0.097171574,-0.273138018,1.566238635,0.469263217,-1.04E-49,0.272166831,0.02051766,1
-0.07239723,-0.437522752,1.8135044,0.679800684,-4.96E-50,0.291609068,0.023732332,1
-0.052756938,-0.52200457,1.984662411,0.839639069,-2.36E-50,0.306131628,0.026471582,1
-0.037675947,-0.544316412,2.067243874,0.942622078,-1.12E-50,0.315499065,0.028330311,1
-0.026412181,-0.522300614,1.997989421,0.958358727,-5.34E-51,0.32133185,0.028981946,1
-0.018202535,-0.472136822,1.747323786,0.87091516,-2.54E-51,0.329117314,0.028376718,1
-0.012348143,-0.40727362,1.362029375,0.702940226,-1.21E-51,0.343621284,0.026886314,1
-0.008254764,-0.337957693,0.923748406,0.496786837,-5.74E-52,0.364618859,0.025147003,1
-0.005443508,-0.271258819,0.50493526,0.291600467,-2.73E-52,0.387795757,0.023656161,1
-0.003544191,-0.211449876,0.150931903,0.113106158,-1.30E-52,0.408513201,0.0223652,1
-0.002280204,-0.149079273,-0.118984841,-0.026541119,-6.16E-53,0.422948945,0.020974189,1
-0.001450674,-0.02107867,-0.303728885,-0.12498099,-2.92E-53,0.424200655,0.019289067,1
-0.000913265,0.229133177,-0.412629909,-0.185680605,-1.39E-53,0.409338989,0.017317338,1
-0.000569274,0.60130872,-0.459865737,-0.21501034,-6.59E-54,0.382775775,0.015451424,1
-0.000351549,1.068585606,-0.460954246,-0.220360152,-3.12E-54,0.351873802,0.015061508,1
-0.000215186,1.614655419,-0.428343203,-0.208979906,-1.48E-54,0.322061452,0.017250781,1
-0.000130621,2.173409915,-0.361322198,-0.187286703,-7.03E-55,0.297916686,0.021365027,1
-7.87E-05,2.63528207,-0.255263381,-0.160496245,-3.33E-55,0.282452054,0.025801856,1
-4.70E-05,2.932046777,-0.1183547,-0.128665117,-1.58E-55,0.27562818,0.03002433,1
-2.79E-05,3.047594532,0.030212432,-0.074522441,-7.48E-56,0.275419443,0.033349127,1
-1.64E-05,2.93842744,0.170241998,0.011024486,-3.54E-56,0.281153992,0.034667262,1
-9.63E-06,2.582607617,0.281564427,0.111381497,-1.68E-56,0.292702412,0.034881565,1
-5.61E-06,2.038901529,0.340139923,0.190327889,-7.94E-57,0.310337837,0.034511666,1
-3.24E-06,1.414541347,0.338268391,0.22496012,-3.76E-57,0.332436245,0.033165165,1
-1.87E-06,0.810323071,0.289508108,0.216983196,-1.78E-57,0.356342727,0.030295523,1
-1.07E-06,0.292887937,0.215750534,0.181001487,-8.41E-58,0.380123457,0.027264696,1
-6.08E-07,-0.107106556,0.136310093,0.132663956,-3.98E-58,0.401562353,0.026511746,1
-3.44E-07,-0.385550882,0.063920693,0.083401051,-1.88E-58,0.418864137,0.02862083,1
0.001916943,-0.554233593,0.005109053,0.039854412,-8.90E-59,0.431198505,0.032682164,1
0.017616889,-0.632712617,-0.038008898,0.005069849,-4.20E-59,0.439039174,0.03684851,1
0.066583034,-0.642994041,-0.066018504,-0.020186549,-1.99E-59,0.443642028,0.03938941,1
0.169988612,-0.606274367,-0.080981663,-0.036484599,-9.39E-60,0.446292268,0.039556012,1
0.325851135,-0.541052456,-0.085630452,-0.045129976,-4.43E-60,0.447690071,0.037719536,1
0.508451465,-0.462185629,-0.082835207,-0.047770055,-2.09E-60,0.447975961,0.034704519,1
0.68724819,-0.380637447,-0.07525366,-0.04611388,-9.88E-61,0.446979717,0.031464653,1
0.839993632,-0.303724049,-0.065118487,-0.04173261,-4.66E-61,0.444211568,0.028738711,1
0.95584225,-0.235676395,-0.054140691,-0.035934253,-2.20E-61,0.438681096,0.026930269,1
1.029576574,-0.178348402,-0.043505793,-0.029708245,-1.04E-61,0.42975736,0.025738158,1
1.04360761,-0.131932647,-0.033934396,-0.02372761,-4.90E-62,0.417809919,0.025974438,1
0.975431064,-0.095590421,-0.025777396,-0.018390173,-2.31E-62,0.403931972,0.028232437,1
0.825997536,-0.067948953,-0.019120345,-0.013879296,-1.09E-62,0.389214377,0.031951326,1
0.624048577,-0.047455954,-0.013879154,-0.010228078,-5.13E-63,0.374268308,0.036031557,1
0.407751332,-0.032605916,-0.009877508,-0.007376495,-2.42E-63,0.360362435,0.039203842,1
0.208247517,-0.022064623,-0.00690309,-0.005216328,-1.14E-63,0.348287885,0.040366859,1
0.043833243,-0.01472096,-0.004744141,-0.003622842,-5.37E-64,0.338462651,0.040194905,1
-0.078683201,-0.009692069,-0.003210141,-0.002474691,-2.53E-64,0.331781615,0.039691887,1
-0.160271806,-0.006302327,-0.002141008,-0.001664643,-1.19E-64,0.328784156,0.038800199,1
-0.206241761,-0.004050604,-0.001408851,-0.0011039,-5.61E-65,0.329078525,0.038343259,1
-0.223807506,-0.002574983,-0.000915476,-0.000722393,-2.64E-65,0.331705762,0.037904765,1
-0.220550501,-0.001620095,-0.000587908,-0.000466913,-1.24E-65,0.335277093,0.036460779,1
-0.203495881,-0.001009417,-0.000373394,-0.000298307,-5.85E-66,0.338667281,0.033963097,1
-0.178594897,-0.000623158,-0.000234695,-0.000188524,-2.75E-66,0.341378186,0.031988706,1
-0.150493377,-0.000381361,-0.000146077,-0.000117931,-1.29E-66,0.343314403,0.030879215,1
-0.122511666,-0.000231464,-9.01E-05,-7.31E-05,-6.08E-67,0.34449052,0.029818094,1
-0.09447263,-0.000139387,-5.51E-05,-4.49E-05,-2.86E-67,0.344857052,0.028964598,1
-0.05021289,-8.33E-05,-3.34E-05,-2.73E-05,-1.34E-67,0.344504316,0.028536401,1
0.0445533,-4.94E-05,-2.01E-05,-1.65E-05,-6.32E-68,0.344285237,0.027885049,1
0.234302564,-2.91E-05,-1.20E-05,-9.88E-06,-2.97E-68,0.345982327,0.026389475,1
0.698967245,-1.71E-05,-7.11E-06,-5.88E-06,-1.40E-68,0.353373286,0.024333193,1
1.648068518,-9.94E-06,-4.19E-06,-3.47E-06,-6.55E-69,0.367820196,0.022495988,1
3.058562843,-5.75E-06,-2.45E-06,-2.04E-06,-3.08E-69,0.38701097,0.022736963,1
4.694303219,-3.31E-06,-1.42E-06,-1.19E-06,-1.45E-69,0.407886282,0.025788767,1
6.283030941,-1.89E-06,-8.23E-07,-6.88E-07,-6.79E-70,0.427517514,0.030091036,1
7.630730245,-1.08E-06,-4.73E-07,-3.97E-07,-3.19E-70,0.443182904,0.034009958,1
8.6456661,-6.11E-07,-2.71E-07,-2.27E-07,-1.50E-70,0.452838503,0.037294349,1
9.315834604,-3.45E-07,-1.54E-07,-1.30E-07,-7.02E-71,0.456922522,0.039927292,1
9.677049394,-1.94E-07,-8.71E-08,-7.35E-08,-3.29E-71,0.455758792,0.041963478,1
9.761955498,-1.08E-07,0.000766806,0.003067377,-1.54E-71,0.448301372,0.043220292,1
9.489235837,-6.02E-08,0.01318161,0.025886609,-7.24E-72,0.434409674,0.043356382,1
8.778383142,-3.34E-08,0.075339069,0.078490848,-3.40E-72,0.415584166,0.04301855,1
7.704347145,-1.84E-08,0.205992233,0.139396886,-1.59E-72,0.394571626,0.042148328,1
6.469296064,-1.01E-08,0.381028044,0.179398934,-7.46E-73,0.374321542,0.040607823,1
5.339773059,-5.56E-09,0.538083996,0.187055024,-3.50E-73,0.3574961,0.038379241,1
4.574535202,-3.04E-09,0.617197867,0.167767496,-1.64E-73,0.347971932,0.036861008,1
4.303102326,-1.65E-09,0.60221939,0.133148722,-7.68E-74,0.348562352,0.036711652,1
4.49617391,-8.97E-10,0.515674255,0.093683636,-3.60E-74,0.357071686,0.037417985,1
5.004593205,-4.85E-10,0.392484648,0.056310599,-1.69E-74,0.370114313,0.03760351,1
5.609257445,-2.62E-10,0.262274811,0.024697172,-7.90E-75,0.385967231,0.036345853,1
6.127062047,-1.41E-10,0.151646467,0.010997378,-3.70E-75,0.402409981,0.034001846,1
6.477638199,-7.54E-11,0.109880571,0.07174861,-1.73E-75,0.413827751,0.030858724,1
6.663236519,-4.03E-11,0.16281021,0.242141596,-8.10E-76,0.416155167,0.027953581,1
6.72177118,-2.15E-11,0.291876439,0.498559812,-3.79E-76,0.409610193,0.026642119,1
6.695752936,-1.14E-11,0.458223407,0.787778855,-1.77E-76,0.396925576,0.026311784,1
6.607713694,-6.06E-12,0.626154852,1.059501803,-8.30E-77,0.381646124,0.025096973,1
6.38782395,-3.21E-12,0.772492582,1.277856491,-3.88E-77,0.366366107,0.023283707,1
5.845124434,-1.69E-12,0.886296873,1.43369322,-1.82E-77,0.350373498,0.020597185,1
4.855359265,-8.92E-13,0.965252321,1.547697144,-8.50E-78,0.332890091,0.016695177,1
3.511385802,-4.69E-13,1.012123239,1.646003867,-3.97E-78,0.315030779,0.012986989,1
2.043643405,-2.46E-13,1.032240421,1.728486997,-1.86E-78,0.298870496,0.009942973,1
0.676281915,-1.29E-13,1.028453801,1.751144144,-8.69E-79,0.285923738,0.007081239,1
-0.446840636,-6.72E-14,0.986441095,1.662629451,-4.06E-79,0.275057261,0.004324963,1
-1.267787901,-3.50E-14,0.886088195,1.44862889,-1.90E-79,0.264664662,0.00221079,1
-1.790464982,-1.82E-14,0.724009279,1.136912634,-8.87E-80,0.256315426,0.001649,1
-2.05370649,0.00728512,0.521396127,0.780458774,-4.14E-80,0.251962914,0.002348762,1
-2.11140291,0.096851927,0.310875444,0.433282825,-1.94E-80,0.252232226,0.003563891,1
-2.020172971,0.504068434,0.120500711,0.133792565,-9.04E-81,0.258726643,0.00510093,1
-1.832334921,1.430160186,-0.033147725,-0.098926786,-4.22E-81,0.271247596,0.006612429,1
-1.592161989,2.816814491,-0.144393272,-0.261245989,-1.97E-81,0.287632979,0.007786651,1
-1.334241859,4.41237051,-0.215040467,-0.359268316,-9.21E-82,0.305237089,0.008693368,1
-1.083310276,5.962498127,-0.250977112,-0.404040292,-4.30E-82,0.322031764,0.009625689,1
-0.855131231,7.350102009,-0.259742216,-0.408293492,0.004601128,0.33649528,0.0108188,1
-0.658031707,8.475806113,-0.249023613,-0.384435372,0.084457806,0.347276017,0.012209517,1
-0.494718901,9.121363138,-0.225799408,-0.343390471,0.502128957,0.354029588,0.014221262,1
-0.364070321,9.133757566,-0.195888437,-0.294014382,1.43556775,0.357753337,0.017156613,1
-0.262685862,8.5732652,-0.163771821,-0.242914565,2.892689129,0.360031389,0.020077993,1
-0.186096659,7.61767626,-0.132605692,-0.194562759,4.8527153,0.362058364,0.022343369,1
-0.129613147,6.452962217,-0.104365455,-0.151597347,7.307086682,0.363746912,0.024302333,1
-0.08885255,5.344548727,-0.080066726,-0.115221138,10.07399849,0.362236268,0.025998628,1
-0.060014306,4.50035902,-0.060013366,-0.08561494,12.87610076,0.355672237,0.027875681,1
-0.039977508,3.861693936,-0.044033706,-0.062310357,15.64949031,0.344775819,0.030990575,1
-0.026286219,3.181122773,-0.031680196,-0.044490577,18.43966812,0.331723962,0.035264608,1
-0.017073992,2.330012718,-0.022381549,-0.031209692,21.1442267,0.319006085,0.039991607,1
-0.01096354,1.371066993,-0.015547291,-0.021536298,23.53507113,0.308382386,0.045431319,1
-0.006964082,0.441385115,0.051867391,-0.014635293,25.23648116,0.300360572,0.052208148,1
-0.004378644,-0.346213468,0.509636372,-0.009804387,25.26617733,0.293910389,0.060083704,1
-0.002726607,-0.935705598,1.55605116,-0.006480762,22.94878686,0.287845154,0.065483542,1
-0.001682435,-1.319913998,2.990367196,-0.004230386,18.63437789,0.281887378,0.064747338,1
-0.00102919,-1.49204242,4.458976741,-0.002729052,13.30583609,0.276408481,0.057951485,1
-0.000624436,-1.319519874,5.646181527,-0.001741098,7.95380693,0.271845674,0.047936476,1
-0.000375919,-0.670479765,6.295730189,-0.001099236,3.259576602,0.268491281,0.037931235,1
-0.000224637,0.348285196,6.244631054,-0.000687177,-0.282145813,0.26651779,0.029786141,1
-0.000133292,1.335704596,5.533423475,-0.000425589,-1.744873014,0.265879903,0.024680851,1
-7.86E-05,1.932595238,4.384746955,-0.00026126,-0.485142643,0.266169231,0.022803791,1
-4.60E-05,2.050020445,3.070329602,-0.000159043,2.935103156,0.269029676,0.02362882,1
-2.68E-05,1.808736279,1.808718752,-9.61E-05,6.445923547,0.284727483,0.025001318,1
-1.55E-05,1.425734299,0.732882201,-5.76E-05,8.345503015,0.31876142,0.025374431,1
-8.92E-06,1.101982639,-0.099296245,-3.43E-05,8.305750037,0.365727132,0.024969138,1
-5.10E-06,0.934244788,-0.681654073,-2.02E-05,6.871033522,0.415514569,0.024199517,1
-2.91E-06,0.91909546,-1.03858007,-1.19E-05,4.773678676,0.45868572,0.023927367,1
-1.65E-06,1.02896828,-1.209799412,-6.94E-06,2.583968207,0.488438408,0.024886788,1
-9.29E-07,1.332447063,-1.240266593,-4.02E-06,0.640997741,0.501500995,0.026699914,1
-5.21E-07,1.902875651,-1.17360337,-2.32E-06,-0.89774231,0.499173742,0.028226929,1
-2.91E-07,2.709243103,-1.048032311,-1.33E-06,-1.989809646,0.485773732,0.028794679,1
-1.62E-07,3.718809459,-0.894235785,-7.60E-07,-2.659074815,0.465226023,0.028204441,1
-8.99E-08,4.996236728,-0.73474563,-4.31E-07,-2.96576707,0.43991652,0.026632917,1
-4.96E-08,6.609999785,-0.584463444,-2.44E-07,-2.987695599,0.412146075,0.025179601,1
-2.73E-08,8.400763927,-0.451884211,-1.37E-07,-2.807026542,0.385065302,0.024850882,1
-1.50E-08,10.07788176,-0.340624575,-7.68E-08,-2.500494851,0.361702176,0.025777365,1
-8.18E-09,11.42507134,-0.250943799,-4.28E-08,-2.122087317,0.343822297,0.026008119,1
-4.45E-09,12.37081516,-0.18105903,-2.38E-08,-1.653226328,0.331663632,0.024381737,1
-2.42E-09,12.98245498,-0.12816365,-1.31E-08,-1.032012452,0.324643689,0.021973782,1
-1.31E-09,13.38506771,-0.089138525,-7.25E-09,-0.274896285,0.321859729,0.0202182,1
-7.04E-10,13.49517635,-0.060995159,0.00383427,0.472630448,0.322107278,0.019717172,1
-3.79E-10,12.92209849,-0.041111352,0.03139972,1.00741376,0.324352188,0.019118645,1
-2.03E-10,11.50104277,-0.027322264,0.092180782,1.232639685,0.327918591,0.017036326,1
-1.09E-10,9.453771227,-0.017921141,0.165462929,1.188163088,0.331985305,0.013668646,1
0.00575141,7.140453464,-0.005859718,0.252186182,0.974921892,0.335938829,0.011459804,1
0.072022363,4.853563176,0.04924867,0.586409479,0.690425476,0.340227977,0.012617822,1
0.333742255,2.764750597,0.210333477,1.598540598,0.403216974,0.347193799,0.016969196,1
0.776720108,1.021132731,0.464245679,3.131218729,0.152339932,0.35747178,0.022260893,1
1.20276669,-0.203136867,0.724684331,4.489781069,-0.044703458,0.366269119,0.027614107,1
1.452615887,-0.835973659,0.929088213,5.212315004,-0.184025707,0.369320537,0.031296313,1
1.49844841,-0.979093232,1.062625399,5.348708027,-0.269744596,0.366291328,0.032732518,1
1.389558339,-0.865850505,1.127644667,5.131845826,-0.310343917,0.359356232,0.031606179,1
1.177793848,-0.738540995,1.10284659,4.621113914,-0.316219834,0.350984807,0.0278822,1
0.906800655,-0.715783722,0.9785655,3.825351258,-0.297933671,0.339301852,0.022641628,1
0.618623979,-0.791740654,0.790693479,2.841750059,-0.265002221,0.318325818,0.018156042,1
0.348916449,-0.910180564,0.620297453,1.819177888,-0.225182421,0.289802477,0.015874376,1
0.122582364,-1.018976408,0.524367101,0.888356953,-0.184200389,0.260850154,0.01484395,1
-0.036824274,-1.088285673,0.497772724,0.128870556,-0.145828077,0.237691507,0.015001857,1
-0.093403102,-1.108259163,0.487717874,-0.430214598,-0.112181525,0.226767558,0.016809629,1
-0.049501007,-1.08133008,0.494817312,-0.794165128,-0.084118175,0.229812028,0.01967859,1
0.050659045,-1.015878136,0.544071667,-0.979790834,-0.061638073,0.238936335,0.022434936,1
0.162546022,-0.922476835,0.627603003,-1.006193792,-0.044230048,0.24575735,0.024125787,1
0.261126907,-0.811914236,0.719650531,-0.906665665,-0.031136913,0.24742441,0.0249545,1
0.335472442,-0.694086723,0.800320479,-0.726886444,-0.021537594,0.24498523,0.025289337,1
0.371961444,-0.577304353,0.85354574,-0.511881821,-0.014657863,0.241059817,0.024205201,1
0.364915141,-0.467883403,0.840187056,-0.301456498,-0.009826857,0.24015476,0.021081962,1
0.365626805,-0.370021031,0.739407543,-0.136474907,-0.006496657,0.245229983,0.01662134,1
0.493725573,-0.285932722,0.570910691,-0.037386748,-0.00423944,0.257094065,0.012446871,1
0.829506185,-0.216185032,0.373678268,0.002207172,-0.002733006,0.274251304,0.010357523,1
1.341922126,-0.160128452,0.183166594,0.001567145,-0.00174189,0.293052466,0.01068429,1
1.930804763,-0.116339427,0.021850327,-0.019833045,-0.001098378,0.309836151,0.012512179,1
2.511445362,-0.083006012,-0.098195642,-0.047676629,-0.000685661,0.323100789,0.015095883,1
3.060874539,-0.05822332,-0.151116876,-0.073281114,-0.000423981,0.332953142,0.017422624,1
3.38778267,-0.040192078,-0.065881443,-0.092281413,-0.000259832,0.339237413,0.019379363,1
3.321637989,-0.027331395,0.19100196,-0.103178182,-0.000157892,0.341531194,0.02021806,1
2.902464907,-0.018325414,0.583349975,-0.106240707,-9.52E-05,0.339671248,0.019138245,1
2.328877942,-0.012124988,1.005394862,-0.102746628,-5.69E-05,0.334512831,0.016324782,1
1.908335951,-0.007922875,1.302453889,-0.094443331,-3.38E-05,0.328088563,0.01307184,1
1.803637356,-0.005116486,1.38904578,-0.083158662,-1.99E-05,0.322223207,0.010547641,1
1.872795461,-0.003267674,1.298735965,-0.070535137,-1.17E-05,0.315685232,0.00953766,1
1.910291595,-0.002065155,1.113842024,-0.057877609,-6.81E-06,0.307650561,0.010212527,1
1.857372736,-0.001292297,0.902371998,-0.046099306,-3.94E-06,0.299096773,0.012250831,1
1.720430876,-0.000801123,0.69758641,-0.035741597,-2.27E-06,0.291465885,0.014377819,1
1.47598113,-0.00049224,0.500409202,-0.026655046,-1.30E-06,0.285672783,0.015695142,1
1.125113775,-0.000299912,0.32004147,0.004612742,-7.40E-07,0.2814305,0.016382507,1
0.716946063,-0.000181274,0.210130066,0.179961284,-4.19E-07,0.275604442,0.017125751,1
0.315027169,-0.000108736,0.242129418,0.613768069,-2.36E-07,0.26618056,0.0177097,1
-0.03175551,-6.48E-05,0.471933581,1.300193678,-1.33E-07,0.254123236,0.017564946,1
-0.298048238,-3.83E-05,0.88089666,2.126560471,-7.42E-08,0.241543653,0.017264069,1
-0.478382299,-2.25E-05,1.381900512,2.950642242,-4.13E-08,0.230044237,0.017862091,1
-0.579996803,-1.31E-05,1.858250807,3.646245558,-2.29E-08,0.220399561,0.018548829,1
-0.616602828,-7.63E-06,2.201797479,4.101364166,-1.26E-08,0.212890937,0.017852001,1
-0.596087993,-4.40E-06,2.324262899,4.292911677,-6.95E-09,0.208796378,0.01540623,1
-0.484961504,-2.53E-06,2.206125161,4.414126573,-3.81E-09,0.214115512,0.011994587,1
-0.235206746,-1.44E-06,1.905939697,4.727053692,-2.08E-09,0.231463995,0.008939423,1
0.145131633,-8.19E-07,1.514737949,5.334090863,-1.13E-09,0.256316725,0.007171608,1
0.593338034,-4.63E-07,1.11331571,6.115222684,-6.15E-10,0.281514184,0.006721265,1
1.036595816,-2.60E-07,0.755078986,6.838931201,-3.32E-10,0.301883448,0.007031725,1
1.421861579,-1.46E-07,0.466895642,7.314504793,-1.79E-10,0.315506996,0.00766996,1
1.722679473,-8.14E-08,0.253345275,7.48116731,-9.64E-11,0.322938056,0.008281147,1
1.932190231,-4.52E-08,0.093507475,7.371360823,-5.17E-11,0.325750371,0.008754773,1
2.045874289,-2.50E-08,-0.036403061,7.060120032,-2.76E-11,0.325301483,0.009055199,1
2.057849354,-1.38E-08,-0.145068313,6.616944637,-1.47E-11,0.321870763,0.009248417,1
2.015980886,-7.57E-09,-0.230242445,6.154165737,-7.83E-12,0.314872251,0.009900942,1
2.004231836,-4.14E-09,-0.288349915,5.931758303,-4.15E-12,0.303583142,0.012315887,1
2.048059407,-2.26E-09,-0.319234731,6.130800548,-2.20E-12,0.288302007,0.01650059,1
2.12555009,-1.23E-09,-0.326304849,6.705519437,-1.16E-12,0.270603405,0.021085841,1
2.237530997,-6.65E-10,-0.314893447,7.471687609,-6.10E-13,0.253495161,0.02458397,1
2.447322533,-3.59E-10,-0.290684535,8.273082868,-3.21E-13,0.244188533,0.02672064,1
2.792855333,-1.93E-10,-0.258780942,9.012929775,-1.68E-13,0.246234712,0.028564202,1
3.192524186,-1.04E-10,-0.2233326,9.560326588,-8.79E-14,0.25728501,0.030479413,1
3.379106647,-5.56E-11,-0.18748386,9.570484009,-4.59E-14,0.273286781,0.032077836,1
3.223821883,-2.97E-11,-0.153456563,8.88514312,-2.39E-14,0.290455373,0.033156856,1
2.911886088,-1.58E-11,-0.122677485,7.805802115,-1.24E-14,0.3062576,0.033281737,1
2.784097703,-8.39E-12,-0.095917775,6.939283302,-6.45E-15,0.318354475,0.032624696,1
3.008518568,-4.45E-12,-0.073435021,6.639700942,-3.34E-15,0.325385601,0.031270582,1
3.47843156,-2.35E-12,-0.055112206,6.710991752,-1.73E-15,0.327850822,0.029098268,1
3.868502882,-1.24E-12,-0.040586103,6.513081352,-8.92E-16,0.327713269,0.026350113,1
3.896871509,-6.52E-13,-0.029357447,5.693392333,-4.60E-16,0.32476692,0.022804703,1
3.59903211,-3.42E-13,-0.020110772,4.563009887,-2.36E-16,0.318415357,0.018512669,1
3.178907738,-1.79E-13,-0.005262981,3.608097429,-1.21E-16,0.311261989,0.013905821,1
2.793574811,-9.37E-14,0.035786395,3.09409145,-6.23E-17,0.308298178,0.009560093,1
2.505551112,-4.89E-14,0.122669664,3.031449017,-3.19E-17,0.311912319,0.00645449,1
2.317425343,-2.54E-14,0.260712607,3.272495973,-1.63E-17,0.320572814,0.005448667,1
2.209771309,-1.32E-14,0.433959422,3.631899474,-8.32E-18,0.331302193,0.006488618,1
2.160951161,-6.86E-15,0.614688565,3.993183949,-4.24E-18,0.341788714,0.009028537,1
2.153085317,-3.55E-15,0.77795686,4.358694906,-2.16E-18,0.350853268,0.012262973,1
2.158360427,-1.83E-15,0.908625121,4.726160926,-1.10E-18,0.358717925,0.015763764,1
2.084813559,-9.46E-16,1.001361,4.912156755,-5.56E-19,0.36573145,0.020360857,1
1.834857022,-4.87E-16,1.057714546,4.724294897,-2.82E-19,0.366380236,0.026190241,1
1.406438942,-2.50E-16,1.083037915,4.162353016,-1.43E-19,0.366085795,0.031981553,1
0.880968346,-1.29E-16,1.084232081,3.377555199,-7.22E-20,0.372548614,0.036325846,1
0.356064768,-6.59E-17,1.06834309,2.547748497,-3.64E-20,0.385316753,0.038053512,1
-0.097129639,-3.37E-17,1.041376074,1.803796052,-1.84E-20,0.399683499,0.03703427,1
-0.443311496,-1.72E-17,1.000902367,1.206520844,-9.26E-21,0.411586088,0.03458822,1
-0.675399169,-8.78E-18,0.918473773,0.727009963,-4.66E-21,0.417485967,0.031951124,1
-0.803472654,-4.47E-18,0.772756155,0.299656238,-2.34E-21,0.408632999,0.029551118,1
-0.845995329,-2.28E-18,0.57600207,-0.070783844,-1.17E-21,0.381372572,0.028009393,1
-0.822639524,-1.16E-18,0.361071835,-0.335280289,-5.89E-22,0.341935712,0.027297844,1
-0.743771627,0.003834274,0.160010747,-0.468140987,-2.95E-22,0.300837941,0.02619089,1
-0.61105169,0.035233996,-0.006606859,-0.480671865,-1.48E-22,0.27086058,0.024685387,1
-0.435892523,0.125497642,-0.130406208,-0.404247702,-7.38E-23,0.259190003,0.023221627,1
-0.243243231,0.276410993,-0.20983705,-0.272084945,-3.68E-23,0.264267708,0.022358188,1
-0.067760202,0.450324831,-0.234503999,-0.096535112,-1.84E-23,0.279148062,0.021871468,1
0.056609807,0.575404012,-0.176319199,0.161076363,-9.16E-24,0.296805228,0.021523045,1
0.117813349,0.607651069,-0.031264504,0.539457978,-4.56E-24,0.312990967,0.021090807,1
0.126524341,0.553724982,0.160202203,1.064536308,-2.27E-24,0.326070797,0.020397698,1
0.102387765,0.446199908,0.31893476,1.660787081,-1.13E-24,0.3341757,0.019117786,1
0.063447817,0.318764883,0.392800025,2.155890978,-5.59E-25,0.33061661,0.018216114,1
0.022279121,0.195435599,0.381887077,2.417747043,-2.77E-25,0.311995074,0.018855539,1
-0.013857669,0.089648656,0.314442575,2.433863481,-1.37E-25,0.281061102,0.021510871,1
-0.041578587,0.007003754,0.221804892,2.397332446,-6.81E-26,0.243619119,0.025866811,1
-0.059995932,-0.051804015,0.127072886,2.727538774,-3.37E-26,0.205451947,0.031314663,1
-0.06972615,-0.088887185,0.043696491,3.802815674,-1.66E-26,0.171944453,0.036497848,1
-0.072219097,-0.107828856,-0.022161669,5.750157379,-8.22E-27,0.146718956,0.040543972,1
-0.069288063,-0.112807318,-0.06896244,8.2747929,-4.06E-27,0.130493293,0.043093119,1
-0.062772121,-0.107985064,-0.097878474,10.53003861,-2.00E-27,0.121722698,0.043832617,1
-0.054307495,-0.097087496,-0.111581043,11.65931318,-9.86E-28,0.116960056,0.043011779,1
-0.045199078,-0.083153036,-0.113440515,11.42444541,-4.85E-28,0.113535464,0.040511081,1
-0.036378413,-0.068439291,-0.106952969,10.14803024,-2.39E-28,0.111684356,0.036332328,1
-0.028426029,-0.054453831,-0.095327596,8.335954899,-1.17E-28,0.116713316,0.032023537,1
-0.021632345,-0.042066154,-0.081225993,6.419523293,-5.77E-29,0.13180279,0.029105964,1
-0.016073751,-0.031657056,-0.066646659,4.67169197,-2.83E-29,0.154825086,0.027366832,1
-0.011686664,-0.023270439,-0.052930168,3.208121818,-1.39E-29,0.180814161,0.025652552,1
-0.008329567,-0.016745365,-0.0408464,2.03492853,-6.81E-30,0.203764589,0.023479723,1
-0.005829162,-0.011818175,-0.030722698,1.094002155,-3.34E-30,0.221115902,0.021223169,1
-0.004010976,-0.008193452,-0.022579068,0.325795835,-1.63E-30,0.237121963,0.019908199,1
-0.002717018,-0.005587899,-0.016248144,-0.284728175,-7.99E-31,0.254082413,0.019822608,1
-0.0018139,-0.000685996,-0.011469107,-0.71467141,-3.91E-31,0.266776028,0.020089497,1
-0.001194653,0.019566529,-0.007953471,-0.973482396,-1.91E-31,0.272055385,0.019965196,1
-0.000776901,0.048533746,-0.005425935,-1.114740361,-9.32E-32,0.278482127,0.019658496,1
-0.000499268,0.070136551,-0.003645896,-1.185771399,-4.55E-32,0.294063113,0.019412866,1
-0.000317296,0.077974574,-0.002415513,-1.207222539,-2.22E-32,0.318399061,0.01939672,1
-0.000199548,0.080836602,-0.001579447,-1.173236075,-1.08E-32,0.345025919,0.020516045,1
-0.000124264,0.09863243,-0.001020152,-1.038210027,-5.26E-33,0.360692831,0.022887041,1
-7.67E-05,0.125248074,-0.000651368,-0.777206903,-2.56E-33,0.358118416,0.02547119,1
-4.69E-05,0.141001731,-0.00041143,-0.438584799,-1.25E-33,0.343246137,0.027430452,1
0.005722975,0.136956051,0.003577026,-0.08658653,-6.06E-34,0.325076431,0.028019463,1
0.052833884,0.116298954,0.035074684,0.278447251,-2.95E-34,0.307421998,0.026849767,1
0.188236245,0.086943764,0.125399869,0.700334598,-1.43E-34,0.28846456,0.024631745,1
0.410392728,0.056085939,0.275201215,1.188498841,-6.95E-35,0.266398691,0.021935734,1
0.645161684,0.028340248,0.442019285,1.706144877,-3.37E-35,0.241035999,0.019548295,1
0.794135912,0.005925137,0.556573042,2.124870169,-1.63E-35,0.214927109,0.018062621,1
0.813595181,-0.010557542,0.580943676,2.343572396,-7.92E-36,0.191619406,0.017458297,1
0.723505496,-0.021430366,0.524513445,2.356999185,-3.84E-36,0.173465729,0.017457663,1
0.570420442,-0.027487079,0.419228473,2.202578399,-1.86E-36,0.161548825,0.017824117,1
0.397835874,-0.029722708,0.29685924,1.918868281,-8.99E-37,0.157199366,0.018606324,1
0.235182552,-0.029167379,0.179623907,1.543215159,-4.35E-37,0.16106823,0.019832428,1
0.098199108,-0.026776898,0.081288648,1.114814343,-2.10E-37,0.176537407,0.021119348,1
-0.007086555,-0.023362761,0.053874882,0.680269222,-1.02E-37,0.201020276,0.021528796,1
-0.080606027,-0.019556702,0.315290249,0.285282986,-4.91E-38,0.223439307,0.021948432,1
-0.125667218,-0.015805525,0.997965418,-0.038176322,-2.37E-38,0.236144846,0.024293405,1
-0.147308742,-0.012388916,1.868145261,-0.276276996,-1.14E-38,0.242739331,0.028794018,1
-0.151202841,-0.009450901,2.570312742,-0.430342949,-5.51E-39,0.249378958,0.033443589,1
-0.142881504,-0.007036059,2.869696085,-0.511249199,-2.66E-39,0.258970198,0.035912081,1
-0.127210161,-0.005123801,2.739121366,-0.534296229,-1.28E-39,0.274151787,0.035309106,1
-0.108090513,-0.003656771,2.300852499,-0.515597102,-6.17E-40,0.295559785,0.032239108,1
-0.088368586,-0.002561918,1.715390784,-0.469911789,-2.97E-40,0.320324285,0.027943735,1
-0.069901237,-0.001764498,1.112720422,-0.409545411,-1.43E-40,0.343238822,0.02410514,1
-0.053720888,-0.001196236,0.573881529,-0.34395406,-6.88E-41,0.356632089,0.023199774,1
-0.040240702,-0.000799176,0.138338911,-0.279802256,-3.31E-41,0.365697179,0.025441923,1
-0.029456014,-0.000526666,-0.182585503,-0.221293537,-1.59E-41,0.378530795,0.029179629,1
-0.021115351,-0.00034268,-0.394540723,-0.170642141,-7.63E-42,0.396979337,0.032848124,1
-0.014849973,-0.000220322,-0.512563967,-0.128585441,-3.67E-42,0.419134342,0.035635055,1
-0.010262028,-0.000140076,-0.556081359,-0.094865126,-1.76E-42,0.439337937,0.037647638,1
-0.00697768,-8.81E-05,-0.545461848,-0.068633015,-8.45E-43,0.439896541,0.039731404,1
-0.004673889,-5.49E-05,-0.499616878,-0.048762351,-4.05E-43,0.411869193,0.042289357,1
-0.003087422,-3.39E-05,-0.434484207,-0.034064736,-1.94E-43,0.362920754,0.044754218,1
-0.002013145,-2.07E-05,-0.362315226,-0.023425107,-9.31E-44,0.306914393,0.047000493,1
-0.001296837,-1.26E-05,-0.291630972,-0.015872837,-4.46E-44,0.256933803,0.049470409,1
-0.000825963,-7.57E-06,-0.22764744,-0.010607767,-2.14E-44,0.22681323,0.052154937,1
-0.000520478,-4.52E-06,-0.172952938,-0.006997693,-1.02E-44,0.22718168,0.054655027,1
-0.000324703,-2.68E-06,-0.128251033,-0.004560176,-4.90E-45,0.252802315,0.056590318,1
-0.000200661,-1.58E-06,-0.093040094,-0.002937724,-2.34E-45,0.284989071,0.057899783,1
-0.000122903,-9.24E-07,-0.066161004,-0.001872086,-1.12E-45,0.309311007,0.059009238,1
-7.46E-05,-5.37E-07,-0.046193429,-0.001180828,-5.36E-46,0.327851272,0.059724814,1
-4.50E-05,-3.11E-07,-0.031712602,-0.000737622,-2.56E-46,0.33786597,0.059590521,1
-2.69E-05,-1.79E-07,-0.021434198,-0.000456552,-1.22E-46,0.331066921,0.058339423,1
-1.60E-05,-1.02E-07,-0.014278841,-0.000280132,-5.84E-47,0.306942564,0.056685221,1
-9.41E-06,-5.81E-08,-0.009384752,-0.000170468,-2.79E-47,0.275684844,0.055255081,1
-5.51E-06,-3.29E-08,-0.006090957,-0.000102922,-1.33E-47,0.247190183,0.054153412,1
-3.21E-06,-1.85E-08,-0.003906894,-6.17E-05,-6.35E-48,0.224469925,0.05363635,1
-1.86E-06,-1.04E-08,-0.002478439,-3.67E-05,-3.03E-48,0.205591143,0.053958678,1
-1.07E-06,-5.81E-09,-0.001556013,-2.17E-05,-1.44E-48,0.187967867,0.053983194,1
-6.12E-07,-3.23E-09,-0.000967386,-1.27E-05,-6.88E-49,0.170669892,0.052167874,1
-3.48E-07,-1.79E-09,-0.000595906,-7.43E-06,-3.28E-49,0.155137009,0.047360114,1
-1.97E-07,-9.87E-10,-0.000363888,-4.31E-06,-1.56E-49,0.147116132,0.039437595,1
-1.11E-07,-5.43E-10,-0.000220381,-2.49E-06,-7.44E-50,0.150266235,0.029461711,1
-6.24E-08,-2.97E-10,-0.000132428,-1.43E-06,-3.54E-50,0.164154681,0.019129976,1
-3.49E-08,-1.62E-10,-7.90E-05,-8.14E-07,-1.69E-50,0.187845085,0.010528697,1
-1.94E-08,-8.83E-11,-4.68E-05,-4.62E-07,-8.02E-51,0.21860184,0.005812171,1
-1.08E-08,-4.78E-11,-2.75E-05,-2.61E-07,-3.82E-51,0.251648946,0.006233076,1
-5.94E-09,-2.59E-11,0.039860358,-1.47E-07,-1.81E-51,0.281494664,0.011005351,1
-3.27E-09,0.002300564,0.316195229,-8.23E-08,-8.63E-52,0.301037821,0.018124168,1
-1.79E-09,0.039544911,0.868910938,-4.59E-08,-4.10E-52,0.306876274,0.025441678,1
-9.77E-10,0.228317818,1.441264436,-2.55E-08,-1.95E-52,0.300945294,0.031525569,1
-5.32E-10,0.623013172,1.772802303,-1.41E-08,-9.25E-53,0.286994385,0.035428246,1
-2.88E-10,1.100307283,1.791202476,-7.78E-09,-4.39E-53,0.266194048,0.036893664,1
-1.56E-10,1.522542366,1.568274555,-4.27E-09,-2.08E-53,0.239709666,0.036946628,1
-8.41E-11,1.900016547,1.218132991,-2.34E-09,-9.89E-54,0.211441008,0.037006715,1
0.006134838,2.264056519,0.836359367,-1.27E-09,-4.69E-54,0.190648394,0.037641129,1
0.057141249,2.470048962,0.483483014,-6.93E-10,-2.23E-54,0.183585939,0.038546607,1
0.224713831,2.391932634,0.19013438,-3.75E-10,-1.06E-54,0.186328338,0.039638933,1
0.597157179,2.065042778,-0.032964319,-2.03E-10,-5.01E-55,0.191772459,0.041109578,1
1.111488955,1.683562827,-0.186953506,-1.09E-10,-2.37E-55,0.196625156,0.04181418,1
1.560255707,1.4695359,-0.279660899,-5.86E-11,-1.12E-55,0.202681913,0.040585306,1
1.943368468,1.381985004,-0.32234866,-3.14E-11,-5.32E-56,0.211567363,0.037188011,1
2.434115358,1.260053198,-0.32748088,-1.67E-11,-2.52E-56,0.221203278,0.034225173,1
3.106960874,1.032174776,-0.307094262,-8.92E-12,-1.19E-56,0.229064686,0.033479041,1
3.887927621,0.724997362,-0.271677792,-4.74E-12,-5.65E-57,0.235103204,0.034690447,1
4.65155051,0.399731475,-0.229554051,-2.51E-12,-2.67E-57,0.240154443,0.037414775,1
5.2985036,0.107459763,-0.186714014,-1.33E-12,-1.27E-57,0.244126841,0.040673244,1
5.779544316,-0.124320714,-0.146995847,-7.00E-13,-5.98E-58,0.245956867,0.043284551,1
6.083004402,-0.288103438,-0.112469015,0.004601128,-2.83E-58,0.245283589,0.045013138,1
6.200508342,-0.388483963,-0.083894702,0.033078539,-1.34E-58,0.24223206,0.0452448,1
6.10742683,-0.435740662,-0.032410356,0.075237837,-6.32E-59,0.237274975,0.043568306,1
5.70208339,-0.441956871,0.209069313,0.106778409,-2.99E-59,0.231071046,0.040300219,1
4.935012136,-0.418992553,0.800317508,0.116815936,-1.41E-59,0.223780414,0.035561939,1
3.868004355,-0.376695424,1.617505739,0.107868017,-6.67E-60,0.213243802,0.029516636,1
2.652024307,-0.318784655,2.30020621,0.08761224,-3.15E-60,0.198410342,0.022774718,1
1.460498893,-0.245402581,2.589550489,0.06324078,-1.49E-60,0.181927413,0.016448941,1
0.426030565,-0.162741488,2.468257627,0.03957142,-7.02E-61,0.170469971,0.011522951,1
-0.381375928,-0.059949508,2.065779508,0.01919143,-3.31E-61,0.162793808,0.009586268,1
-0.945751354,0.068704938,1.536473267,0.003163616,-1.56E-61,0.153949205,0.012230198,1
-1.286512497,0.226293658,0.998067949,-0.00836026,-7.37E-62,0.142302639,0.019622351,1
-1.441443931,0.402497363,0.52055326,-0.015746781,-3.48E-62,0.129350629,0.030003199,1
-1.454743672,0.55725414,0.136452397,-0.019645244,-1.64E-62,0.11814121,0.040676537,1
-1.369645623,0.636985337,-0.145866037,-0.020832103,-7.73E-63,0.113827066,0.049306262,1
-1.224249085,0.621514577,-0.332201889,-0.020095728,-3.64E-63,0.117772404,0.055430576,1
-1.049467764,0.530755361,-0.436123122,-0.018151681,-1.72E-63,0.127359531,0.058875259,1
-0.868421253,0.400314689,-0.474825377,-0.015589474,-8.08E-64,0.139599552,0.059838972,1
-0.696825355,0.261886706,-0.466238495,-0.012850374,-3.81E-64,0.153378355,0.059061255,1
-0.544025037,0.136223966,-0.426965049,-0.01023092,-1.79E-64,0.167974779,0.057089458,1
-0.414353362,0.033806281,-0.370960611,-0.007903508,-8.44E-65,0.183758503,0.054498827,1
-0.308550903,-0.042084709,-0.308915889,-0.005945067,-3.97E-65,0.205851587,0.052152638,1
-0.225054082,-0.09250976,-0.248231129,-0.004366578,-1.87E-65,0.22974738,0.050501084,1
-0.161043258,-0.120882199,-0.193405042,-0.003138861,-8.80E-66,0.24586933,0.050081451,1
-0.113214259,-0.131689779,-0.146642464,-0.002212527,-4.14E-66,0.250199002,0.050371241,1
-0.078289303,-0.129658532,-0.108514064,-0.001531821,-1.95E-66,0.245460244,0.049910149,1
-0.05331266,-0.11919351,-0.078554571,-0.001043163,-9.16E-67,0.240786467,0.04728913,1
-0.035786691,-0.104029104,-0.055740952,-0.000699625,-4.31E-67,0.244115761,0.042696271,1
-0.023701287,-0.087059978,-0.038835343,-0.000462624,-2.03E-67,0.256690308,0.037532402,1
-0.013966657,-0.070322189,-0.026605022,-0.000301904,-9.52E-68,0.275298683,0.032993362,1
0.008677192,-0.055082385,-0.017944801,-0.000194613,-4.47E-68,0.293105272,0.029981432,1
0.081476509,-0.041987904,-0.011930051,-0.000124016,-2.10E-68,0.30456603,0.029359901,1
0.218206129,-0.031235725,-0.007825474,-7.82E-05,-9.87E-69,0.308853921,0.030476365,1
0.383868613,-0.022729983,-0.005069138,-4.88E-05,-4.64E-69,0.307982696,0.031534861,1
0.507357827,-0.016211036,-0.003245368,-3.02E-05,-2.18E-69,0.304278619,0.031582664,1
0.545081763,-0.011350353,-0.002055028,-1.85E-05,-1.02E-69,0.299412464,0.030962272,1
0.502045892,-0.007813088,-0.001287906,-1.12E-05,-4.80E-70,0.295014129,0.0308423,1
0.408079762,-0.005294225,-0.000799329,-6.76E-06,-2.25E-70,0.292794643,0.031824235,1
0.294353207,-0.003535387,-0.000491566,-4.04E-06,-1.06E-70,0.294029381,0.033797304,1
0.183186197,-0.002328963,-0.000299691,-2.40E-06,-4.96E-71,0.296778714,0.036168448,1
0.087158124,-0.001514853,-0.000181218,-1.42E-06,-2.33E-71,0.298942673,0.038674722,1
0.011634232,-0.000973674,-0.000108731,-8.29E-07,-1.09E-71,0.294670831,0.040968944,1
-0.042534565,-0.000618888,-6.48E-05,-4.82E-07,-5.12E-72,0.282693604,0.042141436,1
-0.077092798,-0.000389275,-3.83E-05,-2.79E-07,-2.40E-72,0.268350812,0.041223486,1
-0.095165213,-0.000242444,-2.25E-05,-1.61E-07,-1.13E-72,0.257149526,0.037945796,1
-0.100462257,-0.000149596,-1.31E-05,-9.19E-08,-5.27E-73,0.251327337,0.033428699,1
-0.096721158,-9.15E-05,-7.62E-06,-5.23E-08,-2.47E-73,0.250495969,0.029268002,1
-0.08731464,-5.55E-05,-4.40E-06,-2.96E-08,-1.16E-73,0.253239048,0.026474963,1
-0.075013211,-3.34E-05,-2.52E-06,-1.67E-08,-5.43E-74,0.258101608,0.025561893,1
-0.061889807,-1.99E-05,-1.44E-06,-9.37E-09,-2.54E-74,0.263974464,0.026649268,1
-0.049339857,-1.18E-05,-8.17E-07,-5.24E-09,-1.19E-74,0.270714785,0.029400688,1
-0.038177873,-6.97E-06,-4.62E-07,-2.91E-09,-5.57E-75,0.280446342,0.033233891,1
-0.028770464,-4.08E-06,-2.60E-07,-1.61E-09,-2.61E-75,0.291612919,0.038099282,1
-0.021173381,-2.37E-06,-1.45E-07,-8.91E-10,-1.22E-75,0.299274744,0.045772537,1
-0.015251719,-1.37E-06,-8.11E-08,-4.90E-10,-5.72E-76,0.300755128,0.056989184,1
-0.010773465,-7.89E-07,-4.50E-08,-2.68E-10,-2.68E-76,0.298184761,0.06975287,1
-0.007474893,-4.51E-07,-2.49E-08,-1.47E-10,-1.25E-76,0.299854431,0.081669786,1
-0.005101288,-2.57E-07,-1.37E-08,-7.97E-11,-5.86E-77,0.315169239,0.091351427,1
-0.003428604,-1.45E-07,-7.53E-09,-4.32E-11,-2.74E-77,0.345670889,0.098062683,1
-0.002271921,-8.19E-08,-4.12E-09,-2.34E-11,-1.28E-77,0.38536856,0.101839285,1
-0.0014857,-4.59E-08,-2.24E-09,-1.26E-11,-5.99E-78,0.424814755,0.103407099,1
-0.000959648,-2.57E-08,-1.22E-09,-6.77E-12,-2.80E-78,0.449669692,0.103804955,1
-0.000612742,-1.43E-08,-6.60E-10,-3.63E-12,-1.31E-78,0.451605662,0.104893728,1
-0.000387025,-7.90E-09,-3.56E-10,-1.94E-12,-6.13E-79,0.434840832,0.10811775,1
-0.000241979,-4.36E-09,-1.92E-10,-1.03E-12,-2.86E-79,0.417099379,0.113163376,1
-0.000149847,-2.40E-09,-1.03E-10,-5.49E-13,-1.34E-79,0.410512019,0.118563277,1
-9.20E-05,-1.31E-09,-5.50E-11,-2.91E-13,-6.25E-80,0.411378914,0.122783342,1
-5.60E-05,-7.17E-10,-2.94E-11,-1.54E-13,-2.92E-80,0.403004654,0.124471035,1
-3.38E-05,-3.90E-10,-1.56E-11,-8.12E-14,-1.36E-80,0.377994799,0.122921129,1
-2.02E-05,-2.11E-10,-8.30E-12,-4.27E-14,-6.37E-81,0.355456715,0.118668269,1
-1.20E-05,-1.14E-10,-4.39E-12,-2.24E-14,-2.98E-81,0.352746178,0.112270198,1
-7.10E-06,-6.16E-11,-2.32E-12,-1.18E-14,-1.39E-81,0.369877738,0.104587322,1
-4.17E-06,-3.31E-11,-1.22E-12,-6.15E-15,-6.49E-82,0.396727915,0.09719894,1
-2.43E-06,-1.77E-11,-6.43E-13,-3.21E-15,-3.03E-82,0.423573169,0.091002496,1
-1.41E-06,-9.47E-12,-3.37E-13,-1.67E-15,-1.41E-82,0.44558181,0.086037395,1
-8.10E-07,-5.05E-12,-1.77E-13,-8.69E-16,-6.60E-83,0.463330771,0.083159477,1
-4.64E-07,-2.68E-12,-9.23E-14,-4.51E-16,-3.08E-83,0.478860041,0.083103523,1
-2.65E-07,-1.42E-12,-4.81E-14,-2.33E-16,-1.44E-83,0.502102229,0.084575016,1
-1.50E-07,-7.52E-13,-2.50E-14,-1.21E-16,-6.70E-84,0.536034113,0.085215486,1
-8.47E-08,-3.97E-13,-1.30E-14,-6.23E-17,-3.12E-84,0.560575878,0.084231699,1
-4.76E-08,-2.09E-13,-6.74E-15,-3.21E-17,-1.46E-84,0.558627717,0.082304373,1
-2.66E-08,-1.10E-13,-3.49E-15,-1.65E-17,-6.80E-85,0.535886108,0.078425002,1
-1.48E-08,-5.75E-14,-1.80E-15,-8.47E-18,-3.17E-85,0.507225103,0.071844451,1
-8.22E-09,-3.01E-14,-9.29E-16,-4.34E-18,0.033358181,0.48247029,0.0640547,1
-4.54E-09,-1.57E-14,-4.78E-16,-2.22E-18,0.296183228,0.466027049,0.057880317,1
-2.50E-09,0.00575141,-2.46E-16,-1.14E-18,0.979826895,0.463360742,0.05481415,1
-1.37E-09,0.041731601,-1.26E-16,-5.79E-19,1.91373978,0.472403986,0.05558746,1
-7.49E-10,0.105239243,-6.46E-17,-2.95E-19,2.692101335,0.484438481,0.0595447,1
-4.08E-10,0.218791332,-3.30E-17,-1.50E-19,3.027237635,0.488305539,0.064700393,1
-2.21E-10,0.448173952,-1.69E-17,-7.63E-20,2.892166629,0.478953164,0.069162485,1
-1.20E-10,0.825078654,-8.60E-18,-3.87E-20,2.434823658,0.458894273,0.071728174,1
-6.46E-11,1.281703783,0.004217701,-1.96E-20,1.900820496,0.434356356,0.072000873,1
-3.48E-11,1.686530508,0.058312191,-9.93E-21,1.631194643,0.414370241,0.070160931,1
-1.86E-11,1.910782715,0.278631196,-5.02E-21,1.701597502,0.403088918,0.065991152,1
-9.97E-12,1.915764522,0.653030063,-2.53E-21,1.886231122,0.398763039,0.05984765,1
-5.31E-12,1.724340246,1.215194669,-1.28E-21,1.934379963,0.40303134,0.053420817,1
-2.83E-12,1.395370808,2.062924362,-6.43E-22,1.749668043,0.422453514,0.048687341,1
-1.50E-12,1.004451369,3.146395433,-3.23E-22,1.38011921,0.458309095,0.04679837,1
-7.94E-13,0.617998857,4.24401613,-1.63E-22,0.928592424,0.503881387,0.047575728,1
-4.19E-13,0.280229019,5.140168123,-8.16E-23,0.485661076,0.546522296,0.049895148,1
-2.21E-13,0.012996251,5.711390095,-4.09E-23,0.106723533,0.576799368,0.052127134,1
-1.16E-13,-0.17862801,5.880665433,-2.05E-23,-0.184646873,0.594701027,0.053414994,1
-6.08E-14,-0.300141865,5.584176991,-1.02E-23,-0.385772852,0.610478669,0.052270784,1
-3.18E-14,-0.362705049,4.880152373,-5.12E-24,-0.505385494,0.632260144,0.047600254,1
-1.66E-14,-0.379725264,4.021606972,-2.56E-24,-0.557538246,0.659904436,0.040457485,1
-8.66E-15,-0.364605008,3.370449421,-1.27E-24,-0.558088864,0.688524467,0.033701904,1
-4.51E-15,-0.329331419,3.108173465,-6.35E-25,-0.522607438,0.713780563,0.029468403,1
-2.34E-15,-0.283705829,3.187869165,-3.16E-25,-0.465043368,0.733543201,0.027939884,1
-1.21E-15,-0.235072237,3.407805862,-1.57E-25,-0.396908351,0.746429597,0.02824745,1
-6.27E-16,-0.188415202,3.5181772,-7.81E-26,-0.326911398,0.752993006,0.030867265,1
-3.24E-16,-0.146695086,3.309044296,-3.87E-26,-0.257540605,0.755158999,0.035331951,1
-1.67E-16,-0.111297144,2.747788225,-1.92E-26,-0.156751416,0.756019662,0.040436438,1
-8.58E-17,-0.082495214,1.962064042,-9.52E-27,0.091016245,0.757658854,0.045725222,1
-4.41E-17,-0.059863874,1.126037078,-4.71E-27,0.612337817,0.760076306,0.051088089,1
-2.26E-17,-0.042605606,0.4204176,-2.33E-27,1.381854872,0.760866796,0.056027749,1
-1.16E-17,-0.029785315,0.035276136,-1.15E-27,2.117065627,0.752452624,0.058935308,1
-5.92E-18,-0.020481166,-0.06023324,-5.69E-28,2.520928345,0.731195614,0.057346571,1
-3.02E-18,-0.013868827,-0.022301737,-2.81E-28,2.508051526,0.70154727,0.051824994,1
-1.54E-18,-0.009257988,0.161572944,-1.38E-28,2.173848149,0.670339104,0.04590098,1
-7.84E-19,-0.006098137,0.432963584,-6.82E-29,1.671157736,0.641043259,0.042439979,1
-3.98E-19,-0.002433205,0.695598888,-3.36E-29,1.129944813,0.607643248,0.042843546,1
-2.02E-19,0.023812804,0.942689751,-1.65E-29,0.633392821,0.562889902,0.046235928,1
-1.03E-19,0.149056338,1.093048212,-8.12E-30,0.223600213,0.520069462,0.048224205,1
-5.19E-20,0.412497516,1.067672749,-3.99E-30,-0.085231363,0.495817178,0.045153119,1
-2.62E-20,0.789316985,0.879328689,-1.96E-30,-0.295660803,0.494194592,0.036949273,1
-1.33E-20,1.223676183,0.630948473,-9.60E-31,-0.419600701,0.509626787,0.025954198,1
-6.69E-21,1.556646367,0.606048942,-4.71E-31,-0.473588636,0.533846162,0.015235338,1
-3.37E-21,1.65983159,1.139383426,-2.30E-31,-0.475579583,0.559903279,0.007727578,1
-1.69E-21,1.531134512,2.249926294,-1.13E-31,-0.442674223,0.584317487,0.006655492,1
-8.52E-22,1.248575532,3.492797339,-5.52E-32,-0.3896112,0.606262676,0.012927781,1
-4.28E-22,0.902799571,4.278664507,-2.70E-32,-0.327974427,0.611976033,0.024447172,1
-2.14E-22,0.562214858,4.346610999,-1.32E-32,-0.266024679,0.590884664,0.037811337,1
-1.07E-22,0.266724086,3.80881513,-6.43E-33,-0.208993608,0.547251873,0.049069112,1
-5.38E-23,0.033836056,2.930447643,-3.14E-33,-0.159646678,0.491277715,0.056003391,1
-2.69E-23,-0.133360146,1.957235392,-1.53E-33,-0.118939012,0.425570901,0.059033055,1
-1.34E-23,-0.240110116,1.052895682,-7.46E-34,-0.08663614,0.34818572,0.059164794,1
-6.69E-24,-0.296031079,0.30254913,-3.63E-34,-0.061826992,0.26255511,0.058021229,1
-3.34E-24,-0.312548061,-0.263545896,-1.77E-34,-0.043303327,0.177462414,0.056822244,1
-1.66E-24,-0.301147625,-0.648141719,-8.60E-35,-0.02981154,0.101435912,0.055664645,1
-8.26E-25,-0.272188857,-0.872235383,-4.18E-35,-0.020199493,0.039728503,0.054637343,1
-4.11E-25,-0.234190659,-0.965848848,-2.03E-35,-0.013486355,-0.00415099,0.052694396,1
-2.04E-25,-0.19354582,-0.96198247,-9.87E-36,-0.008881692,-0.021629902,0.048329598,1
-1.01E-25,-0.154579218,-0.892387005,-4.79E-36,-0.00577491,-0.010626336,0.043241476,1
-5.01E-26,-0.119836047,-0.784706615,-2.32E-36,-0.003710259,0.014938739,0.042265379,1
-2.48E-26,-0.09048208,-0.660893328,-1.13E-36,-0.002357213,0.040074346,0.045453002,1